'Avatar Name', 'Player Name', ' Player Number'
'danny','ricciardo','51'
'LarchDew15', 'Emily', '1'
'danny','ricciardo','51'
'Pinerain2', 'Hannah', '2'
'danny','ricciardo','51'
'xOakenMaidx', 'Madison', '3'
'danny','ricciardo','51'
'Grandidel', 'Jacob', '4'
'danny','ricciardo','51'
'Gened123', 'Micheal', '5'
'danny','ricciardo','51'
'Tufty98', 'Matthew', '6'
'danny','ricciardo','51'
'silverstar', 'Ashley', '7'
'danny','ricciardo','51'
'grimRAVEN', 'Sarah', '8'
'danny','ricciardo','51'
'fogdell', 'Christopher', '9'
'danny','ricciardo','51'
'111marshglitter111', 'Alexis', '10'
'danny','ricciardo','51'
'1337Vale', 'Nicholas', '11'
'danny','ricciardo','51'
'pinesword', 'Samantha', '12'
'danny','ricciardo','51'
'GreyLore', 'Andrew', '13'
'danny','ricciardo','51'
'silveneye90', 'Jessica', '14'
'danny','ricciardo','51'
'Shaewaith1999', 'Taylor', '15'
'danny','ricciardo','51'
'ronar', 'Daniel', '16'
'danny','ricciardo','51'
'yulnul', 'Tyler', '17'
'danny','ricciardo','51'
'durowen', 'Joshua', '18'
'danny','ricciardo','51'
'glyrgrim', 'Elizabeth', '19'
'danny','ricciardo','51'
'Goghyll55', 'Billy', '20'
'danny','ricciardo','51'
'Welriel21', 'Olivia', '21'
'danny','ricciardo','51'
'Glanros0000', 'Ethan', '22'
'danny','ricciardo','51'
'Lochach2000', 'Abigail', '23'
'danny','ricciardo','51'
'Ashioth', 'Emma', '24'
'danny','ricciardo','51'
'ashrar12', 'Alexander', '25'
'danny','ricciardo','51'
'immain_321', 'Isabella', '26'
'danny','ricciardo','51'
'kwelnar', 'Sophia', '27'
'danny','ricciardo','51'
'Talzak01', 'Xavier', '28'
'danny','ricciardo','51'
'Lirzen', 'Maya', '29'
'danny','ricciardo','51'
'Yoraish555', 'Landon', '30'
'danny','ricciardo','51'
'Renryl', 'Owen', '31'
'danny','ricciardo','51'
'ghuluith000', 'Devin', '32'
'danny','ricciardo','51'
'ryzenfire', 'Jocelyn', '33'
'danny','ricciardo','51'
'gryffenford', 'Diego', '34'
'danny','ricciardo','51'
'collock', 'Cody', '35'
'danny','ricciardo','51'
'sidwick2005', 'Damian', '36'
'danny','ricciardo','51'
'fayrewater', 'Zoey', '37'
'danny','ricciardo','51'
'beestelonde', 'Sadie', '38'
'danny','ricciardo','51'
'mucktor1x1', 'Travis.', '39'
'danny','ricciardo','51'
'dwalegarth', 'Eli', '40'
'danny','ricciardo','51'
'speerstrander', 'Colin', '41'
'danny','ricciardo','51'
'namankol', 'Braden', '42'
'danny','ricciardo','51'
'qigomx0x', 'Quinn', '43'
'danny','ricciardo','51'
'Iderdizan2001', 'Conner', '44'
'danny','ricciardo','51'
'bulbascore100', 'Cassidy', '45'
'danny','ricciardo','51'
'enaux0x0x0', 'Riley', '46'
'danny','ricciardo','51'
'bonelle', 'Morgan', '47'
'danny','ricciardo','51'
'yojugo1001', 'Javier', '48'
'danny','ricciardo','51'
'sayeon121', 'Caleb', '49'
'danny','ricciardo','51'
'yabu111', 'Hunter', '50'
'danny','ricciardo','51'
